{
  "_note": "Layer A 기대 출력(비올 원본 라이브 수식값). 민감도는 stale이라 제외.",
  "ebit": [
    26696.488281194237,
    37498.45563331181,
    44956.19465136087,
    52304.921206968414,
    58776.755709298595
  ],
  "tax": [
    5704.888792955869,
    8200.143251295029,
    9922.880964464362,
    11620.436798809704,
    13115.430568847976
  ],
  "noplat": [
    20991.599488238367,
    29298.312382016782,
    35033.31368689651,
    40684.48440815871,
    45661.325140450615
  ],
  "fcff": [
    21533.716688238368,
    29542.12215101678,
    33895.585448896505,
    40407.600803358706,
    44869.40051089062
  ],
  "pv_factor": [
    0.947877943928333,
    0.8516423575277027,
    0.7651773203303709,
    0.6874908538457958,
    0.6176916925838238
  ],
  "pv_fcff": [
    20411.33509958262,
    25159.3225550633,
    25936.13324481574,
    27779.85597816114,
    27715.455946793518
  ],
  "terminal_fcff": 46565.31164325963,
  "terminal_value_pv": 309279.6361786912,
  "pv_explicit_sum": 127002.10282441632,
  "enterprise_value": 436281.7390031075,
  "equity_value": 485090.00486310746,
  "per_share": 8413.380552312221
}