{
  "_note": "Layer A: DCF 스파인 입력. 비올 DCF Model 최종본 DCF 시트 M:Q(2024~2028) + 평가결과 입력.",
  "explicit_years": [
    2024,
    2025,
    2026,
    2027,
    2028
  ],
  "wacc": 0.113,
  "terminal_growth": 0.02,
  "mid_year_periods": [
    0.5,
    1.5,
    2.5,
    3.5,
    4.5
  ],
  "terminal_discount_period": 4.5,
  "revenue": [
    56775.51231333388,
    70529.12317000372,
    85160.86866252778,
    97498.31114199535,
    109259.60481034883
  ],
  "cogs": [
    16379.20468893419,
    17251.143222138926,
    20307.36621712482,
    22879.420945296424,
    25518.790221678362
  ],
  "sga": [
    13699.819343205454,
    15779.524314552982,
    19897.307794042084,
    22313.968989730503,
    24964.058879371878
  ],
  "dep_amort": [
    1500.094,
    1308.4191799999999,
    934.3643359999999,
    599.4277416,
    645.01004672
  ],
  "capex": [
    957.9767999999999,
    1108.02276,
    1228.933912,
    1140.3608944,
    1273.23267328
  ],
  "delta_nwc_cash_adj": [
    0.0,
    43.41334899999998,
    -843.158662,
    264.0495480000001,
    -163.70200299999988
  ],
  "non_operating_assets": 49462.977463,
  "net_debt": 654.711603,
  "shares_outstanding": 57656967
}